City_ID,City,Lat,Lng,Max Temp,Humidity,Cloudiness,Wind Speed,Country,Date
0,atherton,53.52,-2.49,61.0,90,37,1.01,GB,1597804010
1,new norfolk,-42.78,147.06,54.0,77,23,1.01,AU,1597803962
2,fortuna,40.6,-124.16,66.99,74,3,1.99,US,1597803962
3,punta arenas,-53.15,-70.92,33.8,69,78,6.93,CL,1597803891
4,busselton,-33.65,115.33,59.0,60,45,1.92,AU,1597804011
5,pucallpa,-8.38,-74.55,81.73,60,44,2.51,PE,1597803932
6,gigmoto,13.78,124.39,86.79,65,100,1.92,PH,1597804011
7,ribas do rio pardo,-20.44,-53.76,77.14,57,80,4.63,BR,1597804012
8,bredasdorp,-34.53,20.04,42.8,87,91,5.82,ZA,1597804012
9,tuktoyaktuk,69.45,-133.04,62.6,59,40,4.7,CA,1597804012
10,albany,42.6,-73.97,66.99,93,0,4.83,US,1597804012
11,atuona,-9.8,-139.03,79.07,73,1,20.74,PF,1597804012
12,pacific grove,36.62,-121.92,80.01,50,90,6.93,US,1597803770
13,hofn,64.25,-15.21,48.27,84,100,19.06,IS,1597804013
14,vaini,-21.2,-175.2,73.4,100,90,12.75,TO,1597804013
15,rikitea,-23.12,-134.97,71.85,81,38,8.19,PF,1597804013
16,mataura,-46.19,168.86,59.0,78,66,4.0,NZ,1597804013
17,esso,55.93,158.7,57.6,79,100,6.29,RU,1597804013
18,bluff,-46.6,168.33,59.0,78,87,4.0,NZ,1597804013
19,puerto ayora,-0.74,-90.35,66.99,95,86,5.01,EC,1597804014
20,barrow,71.29,-156.79,53.6,76,1,6.93,US,1597803875
21,toma,12.77,-2.88,74.64,87,100,5.91,BF,1597804014
22,mathbaria,22.29,89.96,80.58,88,99,8.14,BD,1597804014
23,otane,-39.88,176.63,52.0,89,100,5.99,NZ,1597804014
24,coahuayana,18.73,-103.68,77.7,86,100,1.45,MX,1597804014
25,natal,-5.79,-35.21,75.2,88,40,8.05,BR,1597804014
26,castro,-24.79,-50.01,59.02,94,100,6.46,BR,1597804014
27,maputo,-25.97,32.59,62.6,67,75,17.22,MZ,1597803738
28,mahebourg,-20.41,57.7,71.6,68,75,13.87,MU,1597804015
29,nikki,9.94,3.21,71.65,95,51,4.47,BJ,1597804015
30,waspan,14.74,-83.97,76.44,91,100,2.57,NI,1597804015
31,hilo,19.73,-155.09,82.4,61,90,8.1,US,1597804015
32,merauke,-8.47,140.33,82.17,54,0,8.05,ID,1597804015
33,hirado,33.36,129.55,93.0,70,75,3.36,JP,1597804016
34,xining,36.62,101.77,60.76,52,0,1.66,CN,1597804016
35,clyde river,70.47,-68.59,46.4,93,90,3.36,CA,1597803968
36,kapaa,22.08,-159.32,80.01,78,90,10.29,US,1597804016
37,huarmey,-10.07,-78.15,59.86,84,40,10.83,PE,1597804016
38,thompson,55.74,-97.86,62.6,77,90,4.7,CA,1597803970
39,sao joao da barra,-21.64,-41.05,73.62,79,0,24.49,BR,1597804012
40,port blair,11.67,92.75,84.07,74,100,14.27,IN,1597804017
41,laguna,38.42,-121.42,98.6,23,1,6.93,US,1597804017
42,narsaq,60.92,-46.05,48.2,66,0,5.82,GL,1597803964
43,edzell,56.81,-2.65,57.99,97,5,2.24,GB,1597804017
44,bengkulu,-3.8,102.27,83.34,69,58,4.05,ID,1597804017
45,hermanus,-34.42,19.23,46.0,74,75,5.84,ZA,1597804017
46,zhangjiakou,40.81,114.88,68.4,64,100,2.35,CN,1597804017
47,rundu,-17.93,19.77,48.65,45,0,9.91,NA,1597804018
48,jamestown,42.1,-79.24,63.0,77,1,4.7,US,1597804018
49,santa rosa,14.31,121.11,87.01,74,92,5.82,PH,1597804018
50,mount isa,-20.73,139.5,86.0,13,2,14.99,AU,1597803843
51,lazaro cardenas,17.96,-102.2,79.16,81,97,4.65,MX,1597804018
52,airai,-8.93,125.41,75.65,32,3,4.18,TL,1597804018
53,port alfred,-33.59,26.89,54.75,69,100,29.77,ZA,1597804018
54,butaritari,3.07,172.79,83.7,71,0,9.95,KI,1597803976
55,hithadhoo,-0.6,73.08,84.16,73,47,9.98,MV,1597804019
56,yulara,-25.24,130.99,64.4,27,0,9.17,AU,1597804019
57,neepawa,50.23,-99.47,78.8,74,20,3.36,CA,1597804019
58,cape town,-33.93,18.42,48.99,81,20,1.12,ZA,1597803830
59,klaksvik,62.23,-6.59,46.4,87,100,1.12,FO,1597804019
60,georgetown,5.41,100.34,84.2,83,20,4.7,MY,1597804020
61,ushuaia,-54.8,-68.3,32.0,90,40,13.87,AR,1597803746
62,hobart,-42.88,147.33,55.99,54,40,9.17,AU,1597803987
63,ler,8.3,30.14,69.67,96,89,3.6,SS,1597804020
64,luderitz,-26.65,15.16,54.64,45,0,16.49,NA,1597804020
65,saint-louis,16.33,-15.0,81.9,73,95,16.84,SN,1597804020
66,ucluelet,48.93,-125.55,66.0,100,90,4.7,CA,1597803984
67,sangar,63.92,127.47,65.1,46,56,12.93,RU,1597803990
68,mlonggo,-6.53,110.7,87.8,55,20,5.82,ID,1597804021
69,cururupu,-1.83,-44.87,75.43,85,0,5.19,BR,1597804021
70,kodiak,57.79,-152.41,60.8,67,75,6.93,US,1597804021
71,bandarbeyla,9.49,50.81,77.49,74,98,26.46,SO,1597804021
72,maniitsoq,65.42,-52.9,53.22,60,0,4.18,GL,1597803978
73,khandyga,62.67,135.6,64.92,42,2,2.68,RU,1597804022
74,brownsville,25.9,-97.5,82.99,74,1,3.36,US,1597804022
75,ambatofinandrahana,-20.55,46.8,49.33,92,0,2.26,MG,1597804022
76,sibolga,1.74,98.78,84.31,62,100,1.16,ID,1597804022
77,cidreira,-30.18,-50.21,62.22,96,100,5.06,BR,1597803978
78,shebunino,46.43,141.86,68.5,93,96,11.99,RU,1597804022
79,chokurdakh,70.63,147.92,37.2,95,100,11.72,RU,1597804023
80,hay river,60.82,-115.8,64.4,82,75,10.29,CA,1597804023
81,la ronge,55.1,-105.28,69.8,68,20,11.41,CA,1597804023
82,camalu,30.85,-116.07,84.0,38,0,3.0,MX,1597804023
83,pimentel,-6.84,-79.93,60.4,88,92,15.3,PE,1597804023
84,ponta do sol,32.67,-17.1,71.6,78,20,1.57,PT,1597804023
85,caravelas,-17.71,-39.25,72.25,85,7,6.46,BR,1597804024
86,takhtamygda,54.1,123.57,63.09,36,0,7.99,RU,1597804024
87,carnarvon,-24.87,113.63,66.2,52,40,16.11,AU,1597803982
88,matamoros,25.53,-103.25,87.8,29,75,4.7,MX,1597804024
89,longhua,23.61,114.19,80.92,84,96,7.27,CN,1597804024
90,zuwarah,32.93,12.08,80.82,74,0,6.38,LY,1597804024
91,qaanaaq,77.48,-69.36,44.04,81,100,5.23,GL,1597804024
92,port hedland,-20.32,118.57,77.0,20,0,18.34,AU,1597804025
93,andrushivka,50.02,29.02,64.81,41,55,6.49,UA,1597804025
94,sawakin,19.11,37.33,94.66,45,0,12.24,SD,1597804025
95,geraldton,-28.77,114.6,60.8,72,44,12.75,AU,1597804025
96,kamina,-8.74,24.99,67.51,31,44,1.86,CD,1597804025
97,maxixe,-23.86,35.35,68.74,80,56,8.16,MZ,1597804025
98,bambous virieux,-20.34,57.76,71.6,68,75,13.87,MU,1597804026
99,port hardy,50.7,-127.42,60.8,82,75,4.7,CA,1597804026
100,mokhsogollokh,61.47,128.92,65.66,42,31,7.16,RU,1597804026
101,tiksi,71.69,128.87,39.87,82,96,11.48,RU,1597803845
102,mariinsk,56.21,87.75,61.09,79,79,8.25,RU,1597804026
103,upernavik,72.79,-56.15,46.47,69,100,8.01,GL,1597804027
104,lorengau,-2.02,147.27,84.15,73,21,9.31,PG,1597804027
105,innisfail,-17.53,146.03,86.0,27,82,1.01,AU,1597804027
106,saint-philippe,-21.36,55.77,62.6,77,20,6.93,RE,1597804027
107,east london,-33.02,27.91,55.33,64,100,30.27,ZA,1597803966
108,berdigestyakh,62.1,126.7,64.8,46,77,8.46,RU,1597804027
109,linxia,35.6,103.21,66.54,47,0,0.92,CN,1597804002
110,verbivka,49.42,35.53,69.84,52,96,5.3,UA,1597804028
111,sept-iles,50.2,-66.38,61.0,100,90,6.93,CA,1597803986
112,constitucion,-35.33,-72.42,46.87,78,35,9.46,CL,1597803936
113,khatanga,71.97,102.5,53.47,57,0,15.95,RU,1597804028
114,ancud,-41.87,-73.82,39.0,80,10,6.93,CL,1597804028
115,volovo,48.52,23.51,53.01,97,100,8.99,UA,1597804028
116,yar-sale,66.83,70.83,57.13,77,100,15.05,RU,1597804029
117,kibre mengist,5.88,38.98,60.39,85,100,2.75,ET,1597804029
118,luang prabang,19.89,102.13,77.0,94,90,1.54,LA,1597803778
119,cabo san lucas,22.89,-109.91,86.0,51,90,6.93,MX,1597804029
120,grindavik,63.84,-22.43,51.8,93,75,13.87,IS,1597804029
121,sao borja,-28.66,-56.0,58.93,89,19,5.5,BR,1597803908
122,pecos,31.42,-103.49,87.8,22,1,6.93,US,1597804029
123,lebu,-37.62,-73.65,44.94,74,0,13.58,CL,1597804030
124,talakan,50.32,130.37,62.65,47,0,11.16,RU,1597804030
125,tamandare,-8.76,-35.1,73.53,80,63,10.4,BR,1597804030
126,panguna,-6.32,155.48,78.3,80,36,1.61,PG,1597804030
127,chifeng,42.27,118.96,65.5,75,100,9.95,CN,1597803894
128,severo-kurilsk,50.68,156.12,51.82,84,100,14.43,RU,1597804030
129,saskylakh,71.92,114.08,45.05,68,98,9.4,RU,1597804024
130,tasiilaq,65.61,-37.64,44.6,65,73,4.7,GL,1597804031
131,marmaris,36.85,28.27,77.0,73,0,2.24,TR,1597804031
132,qaqortoq,60.72,-46.03,48.2,66,0,5.82,GL,1597804031
133,sistranda,63.73,8.83,57.2,93,28,4.7,NO,1597804031
134,wajima,37.4,136.9,86.0,66,40,3.36,JP,1597804031
135,nikolskoye,59.7,30.79,50.0,87,0,4.47,RU,1597804032
136,mount darwin,-16.77,31.58,58.06,72,3,1.48,ZW,1597804032
137,findlay,41.04,-83.65,69.8,52,20,3.36,US,1597804032
138,fare,-16.7,-151.02,78.75,74,0,18.95,PF,1597804032
139,san rafael del sur,11.85,-86.44,77.0,94,40,6.93,NI,1597804032
140,ayorou,14.73,0.92,83.91,62,96,14.85,NE,1597804032
141,nainpur,22.43,80.12,76.86,91,97,8.28,IN,1597804032
142,amapa,1.0,-52.0,72.32,96,0,3.36,BR,1597804033
143,karaidel,55.83,56.91,43.11,94,74,9.55,RU,1597804033
144,saldanha,-33.01,17.94,42.8,81,33,1.12,ZA,1597804033
145,banyo,6.75,11.82,66.29,94,100,1.99,CM,1597804033
146,saint george,37.1,-113.58,107.01,11,1,14.99,US,1597804030
147,kahului,20.89,-156.47,89.6,46,20,21.92,US,1597803873
148,roma,43.21,-75.46,60.8,77,1,3.36,US,1597804033
149,koygorodok,60.45,51.0,46.69,96,100,12.17,RU,1597804034
150,zhezkazgan,47.8,67.71,55.4,82,40,11.18,KZ,1597804034
151,road town,18.42,-64.62,84.0,80,20,17.0,VG,1597804034
152,cherskiy,68.75,161.3,44.89,84,100,7.0,RU,1597803974
153,agadir,30.42,-9.6,68.0,88,0,8.05,MA,1597804014
154,asosa,10.07,34.53,61.05,95,90,4.27,ET,1597804034
155,mehamn,71.04,27.85,49.71,83,96,6.15,NO,1597803974
156,nhulunbuy,-12.23,136.77,82.4,58,20,11.41,AU,1597804035
157,kalaleh,37.38,55.49,73.4,88,90,0.94,IR,1597804035
158,tabory,58.52,64.55,52.45,96,96,2.8,RU,1597804035
159,ust-kuyga,70.02,135.6,42.33,66,88,15.48,RU,1597804035
160,pisco,-13.7,-76.22,62.6,77,0,4.7,PE,1597803921
161,abomsa,9.98,39.98,66.88,79,100,7.65,ET,1597804035
162,blackpool,53.82,-3.05,60.01,87,15,5.23,GB,1597803951
163,palmer,42.16,-72.33,66.0,77,20,3.33,US,1597804036
164,arraial do cabo,-22.97,-42.03,73.4,83,0,13.87,BR,1597804036
165,souillac,-20.52,57.52,71.6,68,75,13.87,MU,1597804036
166,saeby,57.33,10.52,60.01,96,97,8.03,DK,1597804036
167,grand gaube,-20.01,57.66,68.0,80,84,8.99,MU,1597804036
168,ha giang,22.83,104.98,79.97,80,100,1.92,VN,1597804036
169,erenhot,43.65,111.98,65.75,63,0,13.56,CN,1597803984
170,pevek,69.7,170.31,44.06,70,75,12.37,RU,1597804037
171,whitehaven,54.55,-3.58,61.0,97,45,4.0,GB,1597804037
172,comodoro rivadavia,-45.87,-67.5,37.4,51,2,10.29,AR,1597804037
173,nouadhibou,20.93,-17.03,69.8,88,0,17.22,MR,1597804023
174,esperance,-33.87,121.9,51.8,100,90,16.11,AU,1597804037
175,inirida,3.87,-67.92,74.95,89,99,0.63,CO,1597804037
176,namibe,-15.2,12.15,59.52,80,0,0.96,AO,1597804001
177,nixa,37.04,-93.29,70.0,72,83,8.05,US,1597804038
178,tromso,69.65,18.96,50.0,87,90,16.11,NO,1597804038
179,kedougou,12.56,-12.17,74.68,95,100,3.0,SN,1597804038
180,vila velha,-20.33,-40.29,75.99,83,40,9.17,BR,1597803970
181,avarua,-21.21,-159.78,75.2,73,33,25.28,CK,1597803797
182,itarema,-2.92,-39.92,77.74,76,62,16.71,BR,1597803989
183,vaitape,-16.52,-151.75,78.85,74,0,19.15,PF,1597804039
184,lata,40.16,-8.33,70.0,87,13,1.99,PT,1597804039
185,san pedro de macoris,18.46,-69.3,82.0,78,40,6.93,DO,1597804039
186,longyearbyen,78.22,15.64,41.0,80,75,12.75,SJ,1597803866
187,razdolinsk,58.42,94.67,62.26,65,100,3.65,RU,1597804039
188,kurmanayevka,52.51,52.07,50.76,79,2,9.42,RU,1597804039
189,chegutu,-18.13,30.14,55.87,72,0,3.22,ZW,1597804040
190,liepaja,56.54,21.04,48.2,93,19,6.98,LV,1597804040
191,ust-tsilma,65.44,52.15,50.0,97,100,8.86,RU,1597804040
192,talnakh,69.49,88.4,68.0,37,1,8.95,RU,1597804040
193,baykit,61.67,96.37,65.73,47,100,4.18,RU,1597804040
194,aguimes,27.91,-15.45,71.6,73,20,23.04,ES,1597804040
195,grand falls,47.05,-67.74,60.8,87,20,4.7,CA,1597804040
196,nelson bay,-32.72,152.15,71.01,22,0,21.92,AU,1597804041
197,morehead,37.27,-87.18,71.6,100,40,4.92,US,1597804041
198,asau,46.43,26.4,62.01,83,0,4.74,RO,1597804041
199,kavieng,-2.57,150.8,83.89,72,34,7.92,PG,1597804041
200,bubaque,11.28,-15.83,80.73,84,100,13.33,GW,1597804041
201,te anau,-45.42,167.72,49.53,88,100,2.08,NZ,1597804041
202,coihaique,-45.58,-72.07,30.2,80,0,4.7,CL,1597804041
203,yellowknife,62.46,-114.35,63.0,72,75,9.17,CA,1597803968
204,shirhatti,15.23,75.58,71.6,94,75,8.05,IN,1597804042
205,kloulklubed,7.04,134.26,84.2,79,75,8.05,PW,1597804042
206,port lincoln,-34.73,135.87,57.0,66,2,24.99,AU,1597803826
207,tautira,-17.73,-149.15,82.4,65,40,8.05,PF,1597804015
208,taoudenni,22.68,-3.98,97.86,31,0,7.05,ML,1597804005
209,smithers,54.78,-127.17,66.2,37,40,5.82,CA,1597803866
210,chuy,-33.7,-53.46,50.83,91,0,5.93,UY,1597804043
211,verkhnyaya inta,65.98,60.31,54.36,84,66,9.73,RU,1597804043
212,ballina,-28.87,153.57,75.2,27,0,12.75,AU,1597804043
213,praia da vitoria,38.73,-27.07,69.8,77,20,21.05,PT,1597804035
214,meulaboh,4.14,96.13,81.7,71,98,2.86,ID,1597804037
215,labuan,5.28,115.24,82.4,83,20,3.36,MY,1597803745
216,hovd,48.01,91.64,69.51,35,100,4.74,MN,1597804044
217,malanje,-9.54,16.34,59.02,96,0,3.4,AO,1597804044
218,port shepstone,-30.74,30.45,56.25,41,0,23.42,ZA,1597804044
219,tigre,-34.43,-58.58,55.99,43,87,8.05,AR,1597804044
220,kakanj,44.13,18.12,59.0,100,90,2.24,BA,1597803962
221,sao filipe,14.9,-24.5,78.01,88,47,8.77,CV,1597804045
222,bell ville,-32.63,-62.69,48.99,47,95,4.0,AR,1597804045
223,malvern,34.36,-92.81,77.0,61,1,5.21,US,1597804024
224,colac,-38.33,143.58,48.0,96,100,8.52,AU,1597804045
225,provideniya,64.38,-173.3,53.6,76,90,11.18,RU,1597803969
226,udachnyy,66.42,112.4,50.0,93,90,4.47,RU,1597804045
227,richards bay,-28.78,32.04,57.27,48,0,10.87,ZA,1597804046
228,lima,-12.04,-77.03,59.0,87,90,13.87,PE,1597803901
229,sambava,-14.27,50.17,65.5,85,81,8.66,MG,1597804046
230,sabya,17.15,42.63,91.4,59,88,3.36,SA,1597804037
231,ajaccio,42.0,8.92,68.0,68,0,6.93,FR,1597804046
232,urumqi,43.8,87.6,71.6,49,99,2.24,CN,1597803966
233,olafsvik,64.89,-23.71,50.11,80,86,12.73,IS,1597804046
234,bila,43.78,16.93,64.0,85,0,15.01,BA,1597804047
235,saint-lo,49.12,-1.09,64.4,88,100,10.29,FR,1597804047
236,kamariotissa,40.48,25.47,68.0,82,0,9.51,GR,1597804047
237,goldap,54.31,22.3,60.58,99,60,5.61,PL,1597804047
238,dikson,73.51,80.55,54.52,72,0,10.02,RU,1597803970
239,dongsheng,39.82,109.98,67.93,52,0,8.1,CN,1597804019
240,bethel,41.37,-73.41,64.0,82,1,5.82,US,1597804048
241,shar,49.59,81.05,67.44,46,0,12.93,KZ,1597804048
242,hornepayne,49.21,-84.77,50.41,76,44,2.1,CA,1597804048
243,cowra,-33.83,148.68,48.0,74,80,8.99,AU,1597804048
244,sorland,67.67,12.69,52.43,81,100,9.22,NO,1597804049
245,beloha,-25.17,45.05,64.26,63,0,7.4,MG,1597804049
246,almaznyy,48.04,40.05,62.6,63,36,1.59,RU,1597804049
247,eregli,37.51,34.05,53.2,47,0,0.81,TR,1597804050
248,umm lajj,25.02,37.27,85.32,63,0,9.04,SA,1597804001
249,aspelt,49.52,6.22,59.0,87,0,5.82,LU,1597804051
250,rawson,-43.3,-65.1,38.86,75,57,24.85,AR,1597804051
251,penzance,50.12,-5.54,64.4,100,100,18.34,GB,1597804052
252,leshukonskoye,64.9,45.76,43.18,85,99,8.99,RU,1597804052
253,anito,12.45,125.29,81.52,82,100,6.31,PH,1597804052
254,makkaveyevo,51.75,113.95,57.2,76,100,2.24,RU,1597804053
255,jiuquan,39.74,98.52,78.89,18,0,7.85,CN,1597804053
256,synya,65.37,58.04,51.15,95,72,1.01,RU,1597804053
257,salinopolis,-0.61,-47.36,79.56,80,5,12.88,BR,1597804053
258,cayenne,4.93,-52.33,80.6,88,90,4.7,GF,1597804031
259,port augusta,-32.5,137.77,60.8,55,90,21.92,AU,1597804053
260,dingle,11.0,122.67,83.16,78,98,5.77,PH,1597804054
261,egvekinot,66.32,-179.17,52.39,61,92,5.59,RU,1597804054
262,buala,-8.14,159.59,85.5,68,49,4.88,SB,1597804054
263,aksu,41.12,80.26,81.93,26,98,11.14,CN,1597804054
264,bardiyah,31.76,25.09,74.23,88,0,11.32,LY,1597804054
265,moultrie,31.18,-83.79,73.4,83,1,11.41,US,1597804054
266,inhambane,-23.86,35.38,68.85,81,53,8.88,MZ,1597804054
267,leningradskiy,69.38,178.42,51.06,51,30,9.08,RU,1597804021
268,touba,8.28,-7.68,69.46,96,9,6.2,CI,1597804055
269,port elizabeth,-33.92,25.57,48.2,87,40,17.22,ZA,1597804055
270,hailun,47.45,126.93,60.15,65,96,9.42,CN,1597804055
271,samarai,-10.62,150.67,76.42,64,97,8.03,PG,1597804055
272,arman,59.7,150.17,52.09,88,100,8.97,RU,1597804055
273,port moresby,-9.44,147.18,84.2,70,40,11.41,PG,1597804055
274,mar del plata,-38.0,-57.56,42.01,70,52,4.7,AR,1597803846
275,sao felix do xingu,-6.64,-51.99,80.06,48,53,2.26,BR,1597804056
276,champerico,14.3,-91.92,79.48,81,100,7.23,GT,1597803979
277,bhongir,17.51,78.89,73.4,94,90,9.17,IN,1597804038
278,berlevag,70.86,29.09,50.29,83,90,9.42,NO,1597804056
279,poso,-1.4,120.75,85.66,51,24,1.12,ID,1597804056
280,norman wells,65.28,-126.83,59.0,77,75,4.61,CA,1597803980
281,ketchikan,55.34,-131.65,57.2,93,90,17.22,US,1597803887
282,bolkhov,53.44,36.0,58.6,77,96,6.08,RU,1597804057
283,lingao,19.91,109.69,84.54,70,91,2.13,CN,1597804057
284,the valley,18.22,-63.06,84.2,70,20,11.41,AI,1597804057
285,chimoio,-19.12,33.48,64.4,88,61,5.82,MZ,1597804057
286,cairns,-16.92,145.77,80.01,61,57,10.29,AU,1597803984
287,ilulissat,69.22,-51.1,44.6,56,95,6.78,GL,1597804057
288,seguin,29.57,-97.96,87.8,45,75,11.41,US,1597803854
289,concepcion,-36.83,-73.05,44.6,87,73,3.36,CL,1597803832
290,codrington,-38.27,141.97,53.83,74,94,15.82,AU,1597804058
291,sitka,57.05,-135.33,57.2,87,90,3.22,US,1597804021
292,priyutnoye,46.1,43.51,69.01,37,7,7.0,RU,1597804058
293,fort-shevchenko,44.51,50.26,72.68,66,0,5.79,KZ,1597804058
294,nabire,-3.37,135.48,82.6,78,7,1.5,ID,1597804058
295,biak,-0.91,122.88,81.36,62,16,8.77,ID,1597804059
296,kaitangata,-46.28,169.85,53.29,78,100,3.89,NZ,1597804059
297,waingapu,-9.66,120.26,83.32,50,16,9.13,ID,1597804059
298,aktas,49.78,72.96,57.2,71,75,24.61,KZ,1597804059
299,tilichiki,60.47,166.1,57.45,54,100,12.17,RU,1597804059
300,korgen,66.08,13.82,48.0,95,39,1.72,NO,1597804059
301,nemuro,43.32,145.57,80.6,69,20,14.99,JP,1597804059
302,tura,25.52,90.22,80.04,81,3,4.5,IN,1597803986
303,sri aman,1.24,111.46,80.6,88,40,3.36,MY,1597804060
304,bonavista,48.65,-53.11,55.99,76,100,11.99,CA,1597804005
305,nhamunda,-2.19,-56.71,80.19,58,4,0.56,BR,1597804060
306,buguruslan,53.66,52.44,47.62,90,0,7.14,RU,1597804060
307,yeppoon,-23.13,150.73,84.2,37,0,13.87,AU,1597804060
308,ribeira grande,38.52,-28.7,70.88,74,43,20.11,PT,1597804010
309,marawi,8.0,124.29,82.0,76,56,4.0,PH,1597804015
310,novikovo,51.15,37.89,63.03,74,11,0.63,RU,1597804061
311,ilhabela,-23.78,-45.36,68.56,83,17,1.74,BR,1597804061
312,sayyan,15.17,44.32,63.75,58,85,1.05,YE,1597804061
313,faanui,-16.48,-151.75,78.01,76,0,19.19,PF,1597804061
314,nieuw amsterdam,5.88,-55.08,81.0,87,2,5.99,SR,1597804061
315,teguldet,57.31,88.17,61.81,81,97,9.57,RU,1597804062
316,aklavik,68.22,-135.01,62.6,51,20,8.05,CA,1597804062
317,utrecht,52.0,5.25,63.0,91,0,4.74,NL,1597803782
318,belyy yar,53.6,91.39,60.8,93,75,6.71,RU,1597804062
319,college,64.86,-147.8,75.2,33,40,1.92,US,1597804062
320,tessalit,20.2,1.01,92.8,20,0,10.47,ML,1597804062
321,princeton,25.54,-80.41,84.0,78,20,5.88,US,1597804063
322,zeya,53.75,127.27,62.76,39,0,8.48,RU,1597804063
323,kupino,54.37,77.3,60.58,61,78,11.92,RU,1597804063
324,krasnoselkup,65.7,82.47,63.79,56,3,13.85,RU,1597804063
325,isangel,-19.55,169.27,78.8,65,40,8.05,VU,1597804025
326,wanaka,-44.7,169.15,50.11,75,88,3.02,NZ,1597803953
327,ramon castilla,-4.26,-69.96,77.0,100,0,2.17,PE,1597804063
328,pinos puente,37.25,-3.75,70.0,45,13,2.24,ES,1597804064
329,bilsanda,28.25,79.95,79.41,93,100,8.14,IN,1597804064
330,solnechnyy,50.72,136.63,64.33,63,30,2.84,RU,1597804064
331,sao joao del rei,-21.14,-44.26,62.51,86,0,7.29,BR,1597804064
332,victoria,22.29,114.16,81.0,78,40,20.8,HK,1597804014
333,fairbanks,64.84,-147.72,75.2,33,90,5.82,US,1597804064
334,paragominas,-2.97,-47.48,76.35,77,0,5.61,BR,1597804064
335,rapid valley,44.06,-103.15,86.0,25,90,4.7,US,1597804064
336,sola,-13.88,167.55,79.03,87,100,11.12,VU,1597803996
337,guerrero negro,27.98,-114.06,79.74,59,1,15.48,MX,1597804065
338,wanning,18.8,110.4,85.71,71,100,5.17,CN,1597804065
339,ust-shonosha,61.15,41.34,38.5,93,0,4.76,RU,1597804065
340,kendal,54.33,-2.75,60.01,96,33,2.77,GB,1597804065
341,choa saidan shah,32.72,72.98,81.66,78,20,9.35,PK,1597804065
342,kudat,6.88,116.85,80.6,83,20,2.24,MY,1597804066
343,matay,28.42,30.78,70.97,74,0,9.28,EG,1597804066
344,ballarat,-37.57,143.85,48.99,91,100,6.58,AU,1597803824
345,tuatapere,-46.13,167.68,59.0,78,100,4.0,NZ,1597804066
346,vardo,70.37,31.11,51.66,87,100,9.35,NO,1597804066
347,gravdal,68.12,13.5,52.54,81,100,9.37,NO,1597804066
348,dunedin,-45.87,170.5,54.0,70,100,8.01,NZ,1597804036
349,ust-koksa,50.27,85.61,57.25,72,0,2.53,RU,1597804066
350,maningrida,-12.07,134.27,84.7,40,81,5.01,AU,1597804067
351,terra santa,-2.1,-56.49,81.07,51,22,0.83,BR,1597804067
352,spirovo,57.42,34.98,48.18,88,83,1.97,RU,1597804067
353,marquette,46.53,-87.63,60.01,71,90,1.43,US,1597804067
354,jamui,24.92,86.22,85.08,76,0,7.34,IN,1597804067
355,tonj,7.27,28.68,69.6,98,39,3.67,SS,1597804068
356,aborlan,9.44,118.55,81.14,80,98,3.96,PH,1597804068
357,guaruja,-23.99,-46.26,70.0,67,63,1.68,BR,1597804068
358,albion,42.24,-84.75,62.6,67,1,5.75,US,1597804068
359,george,-33.96,22.46,46.4,75,57,9.17,ZA,1597804068
360,hutchinson,38.06,-97.93,77.0,64,1,8.05,US,1597804068
361,qarchi gak,37.04,66.79,78.8,21,5,17.22,AF,1597804069
362,dudinka,69.41,86.18,68.0,37,3,8.95,RU,1597804007
363,cam ranh,11.92,109.16,89.6,66,75,1.12,VN,1597804069
364,miranda,3.25,-76.23,71.6,78,75,5.82,CO,1597804069
365,dubai,25.26,55.3,95.0,71,41,6.93,AE,1597803838
366,sembakung,3.82,117.25,83.43,77,100,2.89,ID,1597804069
367,excelsior springs,39.34,-94.23,68.0,82,1,5.75,US,1597804069
368,trat,12.5,102.5,77.0,94,75,4.83,TH,1597804069
369,piacabucu,-10.41,-36.43,73.09,83,53,13.44,BR,1597804070
370,kushiro,42.98,144.37,73.4,78,20,6.93,JP,1597804070
371,tonantins,-2.87,-67.8,76.23,88,84,1.7,BR,1597804070
372,plast,54.37,60.81,47.55,83,15,13.58,RU,1597804070
373,luwuk,-0.95,122.79,83.3,56,11,8.08,ID,1597804070
374,montepuez,-13.13,39.0,61.9,99,100,2.68,MZ,1597804070
375,manta,-0.95,-80.73,71.6,88,75,11.41,EC,1597804071
376,camopi,3.17,-52.32,72.21,94,34,2.46,GF,1597804071
377,arlit,18.74,7.39,91.26,30,33,2.15,NE,1597804071
378,isiro,2.77,27.62,65.53,98,86,1.72,CD,1597804071
379,maryborough,-25.53,152.7,79.75,41,0,8.88,AU,1597804071
380,marsh harbour,26.54,-77.06,84.7,71,60,8.57,BS,1597804071
381,black river,18.03,-77.85,80.6,78,40,3.36,JM,1597804072
382,necochea,-38.55,-58.74,35.01,22,0,4.0,AR,1597804072
383,pak chong,14.71,101.42,79.2,72,91,3.4,TH,1597804072
384,bonito,-21.12,-56.48,73.08,86,93,2.93,BR,1597804072
385,lompoc,34.64,-120.46,73.99,68,1,9.17,US,1597803993
386,batticaloa,7.71,81.69,80.64,74,34,3.83,LK,1597804072
387,cockburn town,21.46,-71.14,83.5,80,0,18.66,TC,1597804072
388,iqaluit,63.75,-68.51,42.01,93,75,18.34,CA,1597803982
389,campbell river,50.02,-125.24,71.6,60,75,3.36,CA,1597804073
390,healdsburg,38.61,-122.87,96.01,30,90,9.82,US,1597804073
391,llanes,43.42,-4.75,73.99,69,23,5.44,ES,1597804073
392,anadyr,64.75,177.48,59.0,51,40,11.18,RU,1597804073
393,kavaratti,10.57,72.64,81.39,80,88,9.51,IN,1597804073
394,douglas,41.3,-96.17,73.4,73,1,5.01,US,1597804074
395,sao jose do belmonte,-7.86,-38.76,70.0,70,3,13.02,BR,1597804074
396,jumla,29.27,82.18,68.16,65,49,0.98,NP,1597804074
397,mendi,-6.18,143.65,72.14,49,0,5.46,PG,1597804074
398,finnsnes,69.23,17.98,43.0,100,90,3.36,NO,1597804074
399,tahoua,14.89,5.27,84.13,64,84,12.17,NE,1597804074
400,matias barbosa,-21.87,-43.32,66.56,77,1,4.92,BR,1597804074
401,portland,45.52,-122.68,82.4,42,20,9.17,US,1597803815
402,husavik,66.04,-17.34,50.0,71,90,5.82,IS,1597803975
403,giraltovce,49.11,21.52,64.4,93,93,4.7,SK,1597804075
404,atambua,-9.11,124.89,85.24,37,55,1.72,ID,1597804075
405,aran,40.63,46.98,68.0,82,75,2.24,AZ,1597804075
406,jieshou,33.26,115.36,87.4,75,89,2.64,CN,1597804075
407,felanitx,39.47,3.15,73.4,88,20,3.36,ES,1597804075
408,tkibuli,42.35,43.0,62.6,100,0,2.24,GE,1597804076
409,conde,-7.26,-34.91,73.4,88,20,4.7,BR,1597804076
410,petropavlovsk-kamchatskiy,53.05,158.65,59.0,72,40,15.66,RU,1597803987
411,funchal,32.63,-16.9,71.6,78,20,2.48,PT,1597804076
412,ust-nera,64.57,143.2,59.38,38,74,1.36,RU,1597804076
413,sundargarh,22.12,84.03,78.8,94,90,2.24,IN,1597804076
414,aswan,24.09,32.91,84.78,25,0,8.59,EG,1597804077
415,yerbogachen,61.28,108.01,64.69,42,3,3.47,RU,1597804077
416,lagoa,39.05,-27.98,70.45,77,31,21.59,PT,1597804077
417,lavrentiya,65.58,-171.0,53.47,69,92,6.89,RU,1597804077
418,portales,34.19,-103.33,82.99,36,1,6.93,US,1597804077
419,bernay,49.17,0.67,62.01,93,100,1.01,FR,1597804077
420,coari,-4.08,-63.14,81.07,57,6,2.48,BR,1597804077
421,padang,-0.95,100.35,83.05,65,97,2.15,ID,1597804036
422,powell river,49.85,-124.54,71.6,56,75,5.82,CA,1597804078
423,baglan,36.13,68.71,75.78,30,0,2.28,AF,1597804078
424,chapadinha,-3.74,-43.36,74.16,80,0,5.28,BR,1597804078
425,mayo,38.89,-76.51,75.2,88,1,6.24,US,1597804078
426,ahipara,-35.17,173.17,60.58,81,26,11.88,NZ,1597804078
427,buraydah,26.33,43.98,77.0,29,0,5.82,SA,1597803782
428,naze,28.37,129.48,91.4,70,20,10.29,JP,1597804079
429,pathein,16.78,94.73,77.7,90,100,8.77,MM,1597804079
430,katsuura,35.13,140.3,93.0,70,75,5.82,JP,1597804079
431,dmytrivka,45.97,28.99,61.99,76,36,3.18,UA,1597804079
432,zaysan,47.47,84.87,73.17,32,0,9.71,KZ,1597804079
433,alice springs,-23.7,133.88,64.4,23,0,9.17,AU,1597803843
434,high level,58.52,-117.14,71.6,83,75,5.82,CA,1597804079
435,nantucket,41.28,-70.1,69.8,88,1,12.75,US,1597804080
436,porto novo,6.5,2.6,75.2,94,40,10.29,BJ,1597803910
437,dymytrove,48.61,32.98,65.57,45,0,2.8,UA,1597804080
438,high rock,26.62,-78.28,84.58,72,0,10.51,BS,1597804080
439,viedma,-40.81,-63.0,43.0,57,81,5.01,AR,1597804080
440,chandler,33.31,-111.84,109.4,11,1,4.7,US,1597803885
441,lashio,22.93,97.75,67.48,100,100,1.12,MM,1597804080
442,ambilobe,-13.2,49.05,63.73,70,45,4.94,MG,1597804081
443,aldan,58.6,125.39,56.25,55,95,9.73,RU,1597804081
444,batemans bay,-35.72,150.18,61.0,63,100,1.01,AU,1597804081
445,vasai,19.47,72.8,86.0,94,90,12.75,IN,1597804081
446,gamba,-2.65,10.0,72.86,89,99,7.76,GA,1597804081
447,mantua,45.17,10.78,70.0,89,0,1.99,IT,1597804081
448,beringovskiy,63.05,179.32,54.54,57,0,7.78,RU,1597804050
449,christchurch,-43.53,172.63,57.0,76,100,19.46,NZ,1597803846
450,ola,59.58,151.28,52.23,88,100,14.25,RU,1597804082
451,kendari,-3.94,122.5,84.04,55,0,2.19,ID,1597803982
452,harper,4.38,-7.72,75.29,87,97,8.03,LR,1597804082
453,raton,36.9,-104.44,78.8,19,1,11.41,US,1597804082
454,san rafael,-34.62,-68.33,43.32,62,79,17.54,AR,1597804082
455,keti bandar,24.14,67.45,84.6,78,100,11.83,PK,1597804082
456,walvis bay,-22.96,14.51,46.4,81,0,5.82,NA,1597804083
457,kamenka,51.32,42.77,57.63,58,36,4.79,RU,1597804083
458,pangnirtung,66.15,-65.71,59.83,54,100,7.61,CA,1597804083
459,srandakan,-7.94,110.25,82.26,65,24,14.27,ID,1597804083
460,kapoeta,4.77,33.59,72.54,83,99,2.98,SS,1597804083
461,kirakira,-10.45,161.92,84.76,72,99,10.36,SB,1597803978
462,obera,-27.49,-55.12,59.13,99,42,1.66,AR,1597804083
463,verkhnevilyuysk,63.45,120.32,65.59,47,90,5.35,RU,1597804084
464,ginda,30.69,78.49,77.0,100,90,2.37,IN,1597804084
465,dalby,-27.18,151.27,73.99,22,0,5.99,AU,1597804084
466,nha trang,12.25,109.18,89.6,66,75,1.12,VN,1597804084
467,moron,-34.65,-58.62,55.99,34,93,5.99,AR,1597804084
468,rockland,41.17,-74.05,66.0,85,16,3.91,US,1597804084
469,komsomolskiy,40.43,71.72,66.2,82,98,2.04,UZ,1597804085
470,kampong thum,12.71,104.89,82.54,77,71,2.04,KH,1597804085
471,newport,51.59,-3.0,62.01,95,100,5.64,GB,1597804085
472,garwolin,51.9,21.61,66.99,87,99,4.38,PL,1597804085
473,san patricio,19.22,-104.7,78.06,87,100,5.86,MX,1597804085
474,acapulco,16.86,-99.89,84.2,74,75,8.05,MX,1597804085
475,san felipe,10.34,-68.74,73.54,91,100,2.42,VE,1597804085
476,omsukchan,62.53,155.8,45.72,82,100,5.93,RU,1597804085
477,nanortalik,60.14,-45.24,47.61,69,0,4.14,GL,1597804086
478,suntar,62.14,117.63,65.26,43,100,4.14,RU,1597804086
479,zapolyarnyy,69.42,30.81,50.0,100,80,11.41,RU,1597804086
480,zhigansk,66.77,123.37,53.71,62,30,21.85,RU,1597804005
481,alice,27.75,-98.07,82.4,54,100,4.7,US,1597804036
482,voskresenskoye,56.84,45.43,43.52,86,0,5.77,RU,1597804086
483,addanki,15.82,79.98,81.07,76,100,8.99,IN,1597804087
484,seybaplaya,19.65,-90.67,81.41,81,88,12.33,MX,1597804087
485,anahuac,27.23,-100.15,82.71,61,100,3.06,MX,1597804087
486,bathsheba,13.22,-59.52,82.4,78,75,16.11,BB,1597804087
487,warrnambool,-38.38,142.48,55.99,80,100,1.01,AU,1597804087
488,paamiut,61.99,-49.67,47.03,66,0,7.16,GL,1597804087
489,ostrovnoy,68.05,39.51,44.08,81,0,4.85,RU,1597804088
490,guanajuato,21.02,-101.26,66.2,82,75,2.86,MX,1597803994
491,toora-khem,52.47,96.11,65.07,59,93,3.11,RU,1597804088
492,riyadh,24.69,46.72,75.2,29,15,8.3,SA,1597804087
493,torbay,47.67,-52.73,57.99,100,90,20.8,CA,1597804088
494,whitehorse,60.72,-135.05,60.8,44,40,9.17,CA,1597804088
495,quatre cocos,-20.21,57.76,71.6,68,75,13.87,MU,1597804088
496,aksarka,66.56,67.8,56.73,82,92,12.24,RU,1597804089
497,rochegda,62.8,43.25,38.01,96,0,5.23,RU,1597804089
498,mackay,-21.15,149.2,88.0,57,15,16.11,AU,1597804089
499,havoysund,71.0,24.66,48.2,100,100,9.17,NO,1597804089
500,cooma,-36.23,149.13,46.4,70,75,12.75,AU,1597804089
501,mareeba,-17.0,145.43,86.0,34,33,1.99,AU,1597804089
502,tlapacoyan,19.97,-97.22,73.02,87,100,1.19,MX,1597804089
503,nuuk,64.18,-51.72,55.4,62,0,5.82,GL,1597803848
504,luanda,-8.84,13.23,68.0,88,40,2.24,AO,1597804043
505,raudeberg,61.99,5.14,64.0,86,7,2.13,NO,1597804090
506,kholm,59.27,32.85,48.16,82,0,3.06,RU,1597804090
507,traralgon,-38.18,146.53,53.01,77,98,5.99,AU,1597804090
508,arcata,40.87,-124.08,64.99,82,1,12.75,US,1597803853
509,miles city,46.41,-105.84,87.8,22,1,3.36,US,1597804090
510,matagami,49.75,-77.63,49.15,93,100,7.85,CA,1597804091
511,amahai,-3.33,128.92,80.33,70,100,5.77,ID,1597804091
512,lakes entrance,-37.88,147.98,60.01,59,100,1.01,AU,1597804044
513,kiunga,-6.12,141.29,87.89,58,47,2.3,PG,1597804091
514,bhanpuri,21.1,80.92,77.27,88,100,10.58,IN,1597804091
515,belmonte,-15.86,-38.88,73.4,78,20,8.05,BR,1597804091
516,westport,41.14,-73.36,75.2,53,75,5.28,US,1597804091
517,karratha,-20.74,116.85,75.07,25,0,19.95,AU,1597803924
518,acari,-15.43,-74.62,58.26,70,36,3.83,PE,1597804092
519,skibbereen,51.55,-9.27,60.8,100,90,8.05,IE,1597804092
520,pacasmayo,-7.4,-79.57,60.66,85,65,15.46,PE,1597804092
521,lasa,46.62,10.7,53.6,100,75,2.24,IT,1597804092
522,tay ninh,11.3,106.1,84.25,71,100,7.96,VN,1597803821
523,san policarpo,12.18,125.51,81.19,80,100,2.77,PH,1597804092
524,broome,42.25,-75.83,64.4,63,1,5.82,US,1597804012
525,santander,43.46,-3.8,73.99,88,99,2.24,ES,1597804093
526,itaituba,-4.28,-55.98,84.0,43,68,3.49,BR,1597804093
527,centralina,-18.58,-49.2,76.1,33,0,5.03,BR,1597804093
528,adrar,20.5,-10.07,98.46,12,61,14.43,MR,1597804093
529,hami,42.8,93.45,87.26,13,100,5.3,CN,1597804093
530,pozo colorado,-23.49,-58.8,68.23,98,100,5.75,PY,1597804093
531,storsteinnes,69.24,19.23,50.0,100,90,3.36,NO,1597804093
532,alta floresta,-9.88,-56.09,78.8,57,13,3.36,BR,1597804044
533,mildura,-34.2,142.15,59.0,58,75,18.34,AU,1597804094
534,madimba,-10.4,40.33,69.8,100,75,9.17,TZ,1597804094
535,kampene,-3.6,26.67,71.46,76,0,1.77,CD,1597804094
536,raahe,64.68,24.48,44.6,93,2,5.82,FI,1597804094
537,okha,53.57,142.95,56.01,93,100,18.68,RU,1597804094
538,saint-joseph,-21.37,55.62,62.6,77,20,6.93,RE,1597804084
539,martil,35.62,-5.28,66.2,82,0,2.24,MA,1597804094
540,suba,10.84,121.01,82.71,74,99,7.72,PH,1597804095
541,khandbari,27.37,87.2,77.25,74,60,1.05,NP,1597804095
542,tadine,-21.55,167.88,73.27,55,81,3.53,NC,1597804095
543,ilo,-17.64,-71.34,58.05,77,81,5.5,PE,1597804095
544,hobyo,5.35,48.53,77.25,83,100,20.04,SO,1597804095
545,poum,-20.23,164.02,69.42,67,0,2.55,NC,1597804095
546,kruisfontein,-34.0,24.73,48.25,81,79,18.39,ZA,1597804096
547,porto walter,-8.27,-72.74,80.67,59,12,3.47,BR,1597804096
548,dickinson,29.46,-95.05,87.01,66,75,4.7,US,1597803863
549,klin,56.33,36.73,50.0,87,79,4.47,RU,1597804096
550,kirkenes,69.73,30.05,50.0,100,82,11.41,NO,1597804090
551,staraya kulatka,52.72,47.62,53.01,70,65,5.53,RU,1597804096
552,masvingo,-20.06,30.83,58.21,42,0,4.5,ZW,1597804096
553,mount gambier,-37.83,140.77,51.8,81,90,13.87,AU,1597804097
554,zonguldak,41.25,31.83,57.76,81,0,3.31,TR,1597804097
555,qasigiannguit,68.82,-51.19,44.6,56,75,5.48,GL,1597804097
556,jeremie,18.65,-74.12,81.86,76,2,1.77,HT,1597804097
557,mogadishu,2.04,45.34,76.84,84,94,14.5,SO,1597804097
558,haines junction,60.75,-137.51,59.34,62,37,2.19,CA,1597804090
559,turka,49.15,23.03,57.99,97,74,8.99,UA,1597804097
560,san francisco,37.77,-122.42,81.0,52,75,20.8,US,1597804015
561,houma,29.6,-90.72,82.0,94,1,5.99,US,1597804008
562,itacoatiara,-3.14,-58.44,81.41,52,47,1.77,BR,1597804056
563,muros,42.78,-9.06,69.01,90,100,15.01,ES,1597804098
564,meadow lake,34.8,-106.54,87.8,20,75,8.05,US,1597804098
565,byron bay,-28.65,153.62,75.2,27,0,12.75,AU,1597804098
566,flinders,-34.58,150.86,66.99,45,18,10.0,AU,1597804098
567,winslow,35.02,-110.7,91.4,16,1,10.29,US,1597804099
568,vila franca do campo,37.72,-25.43,71.6,94,75,17.22,PT,1597804099
569,ken caryl,39.58,-105.12,82.99,23,94,3.2,US,1597804099
570,taybad,34.74,60.78,66.74,34,0,13.89,IR,1597804099
571,ayr,55.46,-4.63,60.8,93,75,2.24,GB,1597804099
572,santa cruz,-17.8,-63.17,73.4,88,95,10.29,BO,1597804099
573,srednekolymsk,67.45,153.68,56.1,46,98,4.74,RU,1597804099
574,gazanjyk,39.24,55.52,74.37,23,0,6.89,TM,1597804100
575,vao,-22.67,167.48,68.86,59,0,7.11,NC,1597804100
576,iskateley,67.68,53.15,51.39,92,100,9.66,RU,1597804100
577,shestakovo,56.49,103.96,68.41,41,100,5.88,RU,1597804100
578,half moon bay,37.46,-122.43,84.99,77,1,10.29,US,1597804100
579,banda aceh,5.56,95.32,83.71,66,98,2.19,ID,1597804100
580,kollam,8.88,76.6,82.4,78,20,6.93,IN,1597804100
581,coquimbo,-29.95,-71.34,51.8,76,90,4.7,CL,1597804101
582,ajdabiya,30.76,20.23,71.92,85,0,4.32,LY,1597804101
583,oum hadjer,13.3,19.7,78.08,78,80,6.29,TD,1597804101
584,mwinilunga,-11.74,24.43,56.77,37,1,2.8,ZM,1597803968
585,severodvinsk,64.56,39.83,35.6,100,40,6.4,RU,1597804063
586,hasaki,35.73,140.83,93.0,66,75,3.36,JP,1597804102
587,nanyuki,0.02,37.07,56.61,85,15,8.55,KE,1597804102
588,staryy nadym,65.61,72.68,60.82,70,100,15.64,RU,1597804102
589,ladnun,27.65,74.38,83.46,76,99,14.81,IN,1597804102
590,puerto ayacucho,5.66,-67.62,76.84,87,99,3.09,VE,1597804102
591,chapada dos guimaraes,-15.46,-55.75,91.4,19,0,6.93,BR,1597804103
592,san cristobal,7.77,-72.22,67.78,92,97,1.48,VE,1597803816
593,tateyama,34.98,139.87,87.8,66,75,8.05,JP,1597804103
594,asfi,32.3,-9.24,68.59,89,0,11.86,MA,1597803968
595,binzhou,37.37,118.02,84.0,85,93,1.01,CN,1597804103
596,touros,-5.2,-35.46,73.4,94,40,4.7,BR,1597804040
597,kishanganj,26.12,87.93,83.39,80,20,9.51,IN,1597804103
598,tigzirt,36.89,4.12,76.26,56,79,6.02,DZ,1597804104
599,mazagao,-0.12,-51.29,80.6,100,20,3.36,BR,1597804104
600,manaure,11.78,-72.44,82.6,78,84,8.12,CO,1597804104
601,abbeville,50.1,1.83,63.0,70,100,6.73,FR,1597803848
602,rosita,13.93,-84.4,74.62,95,100,1.9,NI,1597804104
